Solving Time,Building Time,Total Time
139602.09999640938,33695.69999631494,173297.79999272432
