Solving Time,Building Time,Total Time
16615740.197004925,210623.6000036006,16826363.797008526
