Solving Time,Building Time,Total Time
27,18354137.857999377,4804226.157998528,23158364.015997905
