Solving Time,Building Time,Total Time
483561.4999901736,142170.59999646153,625732.0999866351
