Solving Time,Building Time,Total Time
12,356714.9119999158,1169689.3949992955,1526404.3069992112
