Solving Time,Building Time,Total Time
74793.40001009405,41757.89999135304,116551.30000144709
