Solving Time,Building Time,Total Time
9090.099993045442,6758.300005458295,15848.399998503737
