Solving Time,Building Time,Total Time
25233.09999378398,11924.500009627081,37157.60000341106
