Solving Time,Building Time,Total Time
204925.62399886083,44736.13500158535,249661.75900044618
