Solving Time,Building Time,Total Time
26860848.70000195,153580.90000518132,27014429.60000713
