Optimal Bins,Solving Time,Building Time,Total Time
34,96735.5930042686,1234889.19299416,1331624.7859984287
