Solving Time,Building Time,Total Time
460806.8999950774,147579.80000285897,608386.6999979364
