Solving Time,Building Time,Total Time
144208.70000321884,39201.599996886216,183410.30000010505
