Solving Time,Building Time,Total Time
67161.39998752624,32710.599989513867,99871.9999770401
