Solving Time,Building Time,Total Time
28592.8000084823,15781.199996126816,44374.000004609115
