Solving Time,Building Time,Total Time
26834000.100003324,145210.79999394715,26979210.89999727
