Solving Time,Building Time,Total Time
29010.199999902397,48672.00000444427,77682.20000434667
